address,total_supply,volume_24h,total_volume,market_cap,market_cap_change_24h,creator_earnings,days_since_created,unique_holders,transfers,comments_sentimental_score
0xf1fc9580784335b2613c1392a530c1aa2a69ba3d,1000000000,4597.64,4757684.74,212721.99,-963.78,7.204842506079576,30,21575,137552,0.0
0x1b23819885fce964a8b39d364b7462d6e597ae8e,1000000000,974.57,2549692.74,92152.32,2335.23,2.4982982100346502,49,22028,73440,0.0
0x8a9cf9ae6536127129727938cb1a6438273e4f94,1000000000,669.23,396521.83,85476.4,1484.43,0.5717169602612338,37,10168,238736,0.0
0x78f11d82f93cf707d98e00870c9debf3601fa397,1000000000,325.58,81073.44,38029.91,859.21,0.154596311211657,44,4263,57648,0.0
0x0acd5006a4ee321be73bbe7a033cec236c9a62db,1000000000,24885.45,259684.62,34242.94,-63852.75,0.9546264775107072,1,1561,15529,0.0
0x5a34646b860485f012435e2486edb375615d1c7b,1000000000,287.89,1825895.45,28486.84,903.52,2.2168128413426684,45,10758,39769,0.0
0xdc1b8f07440ec756bf820db446314ab3d1c5fa6a,1000000000,322.38,11514063.83,28319.86,1004.8,11.446499882743923,49,28081,66745,0.0
0xbe29e78b18066b3bf7c70523371e0169350f6f53,1000000000,499.88,1420143.53,27041.55,-358.91,1.8743657195371548,38,12890,58786,0.0
0xd93dc936e60e9e275cbe6f225e9c065951b9b1d4,1000000000,2379.76,7206164.61,24536.14,-3364.3,15.98807929618442,49,12130,89647,0.0
0x20429f731096e359910921994a267d32ef576720,1000000000,364.03,115767.26,21580.92,517.48,0.2011959207982684,38,2391,18080,0.0
0x97e0ed45fc6c2d712ce52015ee7ab8b1ad11be7c,1000000000,4243.46,197503.28,20435.48,389.93,0.4403001588590651,7,13263,55452,0.0
0xef0ba30fa45e6015f1f403b803eb6c4b4c401c91,1000000000,2677.62,124443.23,17649.08,-2704.77,0.2140004156782562,5,1733,21197,0.0
0xc41b9cf3b325673f1b4bd35106255bb0ce2cdeac,1000000000,1857.51,127661.02,17354.59,1502.32,0.2361449957643242,5,946,6545,0.0
0xf1bf289902c1fbf8cfd2eff3b9403ea8a2db9ac6,1000000000,1267.73,864655.33,16833.4,-3542.69,1.6111497161072867,4,2653,22400,0.0
0xdcb492364375a425547fedd3bbe66904994c6182,1000000000,14.02,55075.96,15772.33,355.81,0.0726753976388909,46,3132,7524,0.0
0x1b77c87e078b4586de4ca81aaa388a2ab9cb0849,1000000000,15086.75,344473.56,15199.49,3803.0,0.6117269792298191,1,732,6266,0.0
0xf12b802172c632efcc43a6299ceb86348ec4a194,1000000000,1.74,229178.33,13436.1,375.1,0.3370763633562302,49,854,4430,0.0
0xc66566c4067115cabdaf571289902f90cd197468,1000000000,148.81,40724.56,13365.39,377.76,0.1291142507651934,20,1396,14180,0.0
0x481deb6ab67fa37e1d6b69c7f6a3931436f51d2e,1000000000,59.31,2470150.24,11839.56,298.45,3.009333233852184,42,3515,28306,0.0
0x56e302d3fe43e96dc0d899fb364804f61339782b,1000000000,50.27,212462.42,10843.67,149.97,0.217779215685028,60,521,4159,0.0
0x62574e9d339ff6c336cbf900323162de9e134611,1000000000,41.99,1042404.15,10552.7,306.48,0.961814124637082,47,5186,17932,0.0
0x27e0221b0b845c62bf986210d2ba5be4b3f80b0c,1000000000,23.27,55541.86,9479.84,249.12,0.0897042144206054,16,1626,8887,0.0
0x0b50ff8ad9bd902c1b79a5ab1f1474409eb4fe6b,1000000000,0.02,145.94,8548.32,378.4,0.0005486400671441,2,27,337,0.0
0xdaf8f464b1b38d640157cc62d815a72edcb19908,1000000000,27.8,842172.25,8496.15,-675.87,0.8101344759705399,47,3478,14301,0.0
0xb086d57896f13fae4c4b61ed3f426758140054a8,1000000000,23725.0,23725.0,8347.15,8347.251313196906,0.0424935094155521,0,125,695,0.0
0xd723dc3a993d2d7c604f5157dd095ad2c81c44d1,1000000000,1.82,2454.15,7740.15,238.92,0.006544700153028,28,225,1403,0.0
0xa53b0892e65cb9ab47100ce88877d68f7ba1676b,1000000000,0.01,943707.66,7713.87,-113.59,1.0179091100279247,49,569,5427,0.0
0xadb93703aaaaff62a1be56e12846dc5d6e8df53c,1000000000,45.86,1085180.16,7646.12,211.7,1.1485274566676222,49,11776,24227,0.0
0x7471968e5af4b0e052e01d08e5d83bb90fd6d98c,1000000000,3.43,488786.13,7432.38,271.98,0.9036138628665076,48,12430,19210,0.0
0x2b847b959f4bce204aebdf67fb24c1f9eb902545,1000000000,9.71,1244207.35,7190.71,251.29,1.1937340200290432,46,454,6208,0.0
0xb688ec9d5370bfe5d637581ce35b06c714943dd9,1000000000,21.45,557868.2,6871.84,177.44,0.7052139247161053,17,2058,12259,0.0
0xcec47fa52385dcd9a470ceda8b80d6c5f7b108b4,1000000000,14.97,136989.97,6643.73,221.18,0.1515456836175739,43,269,2518,0.0
0x8dcca83d6b1812383850e6a9f94a4d3d2f21299e,1000000000,0.0,3921.17,6592.2,-169.12,0.009804923548233,46,102,459,0.0
0x9adc8a88efd7f25e0e4e98af763a770f67652f1b,1000000000,0.6,86018.77,6574.02,318.2,0.1229152266041447,49,1356,4679,0.0
0x9910737948144c4cb0482968c48aafe4a62874ce,1000000000,0.24,1699681.95,6418.03,146.57,2.203899102191983,28,1759,11188,0.0
0xa571549ccba4344e366cbe26b2fc6a11c2e5b92f,1000000000,0.0,68.96,6318.64,0.0,0.0001849778191079,47,4,12,0.0
0x5161e0ba52215a6ed15bb829efa6c140c4c3dd4f,1000000000,0.0,1.66,6315.08,0.0,4.586510418744e-06,47,3,47,0.0
0x04b823c1ebb047d1e5cf1c1757e763fb82f2a90c,1000000000,0.0,4422.79,6313.46,0.0,0.0098344175798999,47,5,48,0.0
0xc9fdef66e5c59384dbfa018c434eb9d1c9d1342d,1000000000,0.0,3.01,6311.81,0.0,1.0945017963942e-05,47,2,7,0.0
0x9227db34c2457797fabd8c07625e9487e1f05b24,1000000000,0.0,5.56,6310.87,0.0,1.4850499999998e-05,47,3,10,0.0
0xceda271c98e5394ff7105270e59c801762243475,1000000000,0.0,0.28,6309.99,0.0,9.94999999999e-07,47,2,4,0.0
0xea9cc0cdd3d72e641609bc0bac28ced9d43ee39a,1000000000,0.0,23.96,6309.87,0.0,0.0040894972448763,47,8,16,0.0
0x33363e85a669b07a3fe7b70c140694cccc5c4678,1000000000,0.0,0.3,6309.79,0.0,1.094499999998e-06,47,4,5,0.0
0xb1922017ba208a7d5c390b67c77c5e9499592287,1000000000,0.0,113.26,6309.64,0.0,0.0016334807359246,48,11,118,0.0
0x387199a7cf4f0bd088971aedd3d4e9329c5fcbc4,1000000000,0.0,17.91,6309.59,0.0,0.0003077892455551,48,25,93,0.0
0xf4315fe2eb263ce6e82090761fc5db59b00a3bce,1000000000,0.0,0.03,6309.54,0.0,1.19399999999e-07,47,2,4,0.0
0xace9c308239c1aa5ae2ebe8ac54aaf69d751cab6,1000000000,0.0,0.0,6309.18,0.0,9.949999999e-09,47,3,4,0.0
0x94eef70a66998e9a22825d2903f0e8e1ef53b4b8,1000000000,0.0,0.39,6309.05,0.0,1.392999999999e-06,47,2,4,0.0
0x9461a6a7f0170b563c247f69a79a03e2e6d2cb44,1000000000,0.0,0.05,6309.0,0.0,9.851473888829e-06,47,8,15,0.0
0x24afa989f171bf50e4e35f12401a0b98b679bc32,1000000000,0.0,0.03,6308.98,0.0,9.9499999999e-08,48,3,4,0.0
0x307a30f05eece3fcb43c00515c67dfba92e45dca,1000000000,0.0,0.02,6308.96,0.0,4.4232539975e-08,47,4,10,0.0
0xa9c4dff70b774972e6829b7b1ea5ccc2ef433fad,1000000000,0.0,0.35,6308.91,0.0,1.327827499998e-06,47,3,5,0.0
0x971c9064bdbdad50d97d876481810f5b42f28854,1000000000,0.0,0.28,6308.85,0.0,9.94999999999e-07,47,2,4,0.0
0xa937bda49b087d0fe72d980831807a8333843a17,1000000000,0.0,1.39,6308.8,0.0,4.896862951078e-06,47,3,24,0.0
0x5750b33c83a054fdfd2eb8aefc7b52c82d1da692,1000000000,0.0,0.28,6308.64,0.0,9.94999999999e-07,47,2,4,0.0
0x6a07a5673ef7f50fe2077677b8b90b915837cfc8,1000000000,0.0,0.54,6308.5,0.0,1.485049999998e-06,48,3,10,0.0
0x302884150a94126fc6d23bd61a7965991f691742,1000000000,0.0,0.26,6308.44,0.0,7.38286996542e-07,47,5,94,0.0
0x1884d13913af4dc0092140ede709c9038448d451,1000000000,0.0,0.01,6308.41,0.0,1.4840059122e-08,47,3,10,0.0
0x3e46c055b6efbca2cba3cca2961cf6bc4f8ccc08,1000000000,0.0,22.95,6308.18,0.0,0.0001047860992915,47,8,10,0.0
0x08d10256ab8452f25efd4cd0bc20da90afdb798d,1000000000,0.0,0.05,6308.14,0.0,1.79099999999e-07,47,2,6,0.0
0x6d6f95c18c29493ab5cc17ef3c1f48a5d0cf443e,1000000000,0.0,0.0,6308.05,0.0,9.949999999e-09,47,2,6,0.0
0x6864917549d1fa7d753feeeb6f4e867bd91477c7,1000000000,0.0,0.02,6308.04,0.0,5.9249612141e-08,49,4,17,0.0
0xac8dfcaa0bcc4c2419a1c8ba268cb1c32e8ce7b6,1000000000,0.0,4.1,6307.89,0.0,1.2376288160303e-05,47,4,10,0.0
0x5768e5c948e7cd564a22ee136744707d4d825a17,1000000000,0.0,8.34,6307.86,0.0,2.4567282885158e-05,47,36,47,0.0
0x4ec2aea4720feda4a5dbe7239154ec75b481ebbb,1000000000,0.0,0.03,6307.65,0.0,9.9499999999e-08,49,3,4,0.0
0x9baee447940dfb462b0f4df2d402685bf9407efb,1000000000,0.0,1649.49,6307.61,0.0,0.0016030796450121,49,6,26,0.0
0xfd5f1d980e56a615ffddaf622349fe75e3dfc755,1000000000,0.0,8.51,6307.6,0.0,3.0954449999996e-05,48,4,7,0.0
0x5392c614b237c42c595f696254202ec16da47954,1000000000,0.0,0.31,6307.59,0.0,1.104449999999e-06,47,2,4,0.0
0xa29af5f22623631b6eb432fe4b5a77ef4ac73d61,1000000000,0.0,1.38,6307.37,0.0,4.974999999999e-06,47,2,4,0.0
0x3446d2a31dbed9b05d3ca8f069d9273c7f673a6a,1000000000,0.0,0.0,6307.15,0.0,9.949999999e-09,47,2,4,0.0
0x60907274da71457ddfff06052c32bee2ac3f754c,1000000000,0.0,0.28,6307.11,0.0,9.94999999999e-07,47,2,4,0.0
0x900576e1da9541ec37f18bd37e6e84c9278ff47b,1000000000,0.0,0.0,6306.87,0.0,9.949999999e-09,47,3,4,0.0
0xb04cf1bdb9f1f3e726317fabefac7eb3bbcd2199,1000000000,0.0,0.39,6306.77,0.0,1.392999999999e-06,47,2,4,0.0
0x491be8260ac377755a1dbb70fb566a60dd7e7ada,1000000000,0.0,0.31,6306.28,0.0,1.104449999999e-06,47,2,6,0.0
0x7ae9825c072127e70283a7336b648b1ea9681ad2,1000000000,0.0,0.28,6306.09,0.0,9.94999999999e-07,47,2,4,0.0
0x4a3d82d36a34e1e0e2fa4ffb245dd767c3041b81,1000000000,0.0,0.07,6305.74,0.0,2.50739999998e-07,47,3,5,0.0
0xa8b0870946e122d220aef6d3c9b956d38cb092f6,1000000000,0.0,2.7,6305.7,0.0,0.0014432684954203,49,3,9,0.0
0xbd648bd18a5fedd3370a79633ed813d67bce0c26,1000000000,0.0,2.76,6305.14,0.0,9.949999999999e-06,47,2,4,0.0
0xbbf83e69cfbf4da96369db1f205b448aef52be00,1000000000,0.0,2.76,6305.14,0.0,9.949999999999e-06,47,2,4,0.0
0x4e555c1d0c09c241166c788267cf03e9dc157d67,1000000000,0.0,0.27,6304.97,0.0,9.94999999999e-07,47,2,6,0.0
0x0c4e11e024d2c08c5513c8bfaa4e6cf77e2d59ef,1000000000,0.0,0.06,6304.61,0.0,1.98999999999e-07,47,2,4,0.0
0x58a0522999c040df64ea1b2137fb97da5ca3e643,1000000000,0.0,0.61,6304.5,0.0,1.633549506391e-06,47,3,17,0.0
0xa0358889387f9120717e7091fa09079be74b3076,1000000000,0.0,0.01,6304.48,0.0,2.9700921924e-08,47,4,16,0.0
0x5a452f792685890691bcb216b6d88f0f882a9a6c,1000000000,0.0,0.03,6304.46,0.0,9.9499999999e-08,47,2,6,0.0
0x94e0aa4558597f58c93e1c2adabf7d519a19571b,1000000000,0.0,8.28,6303.87,0.0,2.9849999999999e-05,47,3,4,0.0
0xda4ef00b69fa7c0c8d6633f4999daa13c353513f,1000000000,0.0,1.22,6303.61,0.0,4.417799999999e-06,47,2,6,0.0
0xce8a71fac8fcfeea219d7d32311b681c17584990,1000000000,0.0,1.64,6303.57,0.0,6.168999999997e-06,48,4,6,0.0
0xcbb3466740f19dba887d38b04f44fdb0af73f641,1000000000,0.0,0.0,6303.51,0.0,9.949999999e-09,47,3,4,0.0
0x339209c8357e483590161275b31d1d4f9ee7a906,1000000000,0.0,0.03,6303.48,0.0,9.9499999999e-08,47,2,4,0.0
0x2e0b24ec01d273883bd30153c74109c2ba323502,1000000000,0.0,0.72,6303.33,0.0,2.686499999996e-06,47,5,7,0.0
0x2a98ed0f95e06f55eeae7adc72a30ba676a5413f,1000000000,0.0,0.27,6303.16,0.0,9.94999999999e-07,47,2,6,0.0
0x67ec290534ded924d36673decb4da2af20b5679c,1000000000,0.0,0.03,6302.93,0.0,9.9499999999e-08,47,2,6,0.0
0x92ea952fba6a797dcd55a6dd2456c4c4d5291671,1000000000,0.0,0.01,6302.89,0.0,2.9602678245e-08,47,4,10,0.0
0xff2f0adc3a7c809c3d0e647cdeb4ed0c247e5ad9,1000000000,0.0,0.02,6302.88,0.0,1.09467968413e-07,47,4,11,0.0
0x6693d8fd9db13b0b7fa2aed50157e6202ff977dc,1000000000,0.0,0.0,6302.88,0.0,9.949999999e-09,47,2,4,0.0
0x9c6eeab5dee7179cd47699926618c84b837ff51b,1000000000,0.0,0.14,6302.74,0.0,4.97499999999e-07,47,2,6,0.0
0xc8e6d42a6b790dee6d297b34d705a09d9793bfc0,1000000000,0.0,0.03,6302.66,0.0,9.9499999999e-08,47,2,6,0.0
0x46c8e4c6f5897ab3cff08e4043f262e95c0e475d,1000000000,0.0,0.03,6302.66,0.0,9.9499999999e-08,47,2,6,0.0
0x630f25bd9fa1290e44accab53a9c19c2a7eca592,1000000000,0.0,0.33,6302.28,0.0,1.213899999998e-06,47,2,5,0.0
0x6decd543bafc81c5357b6ba1078b9d065245981b,1000000000,0.0,1.15,6302.25,0.0,0.0002471718558132,48,9,36,0.0
0x0a484e73cf4c299738de5506c7b856a9655c6cf6,1000000000,2316.09,2316.09,5304.06,5304.064251094475,0.0047212332682404,0,58,262,0.0
0x4fe17db36c64db9e2583bce194322f4e016df102,1000000000,3083.13,3083.13,4966.95,4968.075700764445,0.0051324598855662,0,63,246,0.0
0xa8eb42318ceb6f5434c8d6eac7e6ab188047f1c9,1000000000,1086.39,1086.39,4947.42,4947.417365331338,0.0025094129547591,0,7,24,0.0
0xd2a01d7e30726d0f457588fee8f784507914a927,1000000000,2120.98,2120.98,4937.86,4937.856404564857,0.0048138949927581,0,24,140,0.0
0xd9ef48d567066c03e41e4dfd7b68a9e24211534e,1000000000,706.25,706.25,4293.58,4293.57829186711,0.0022234158416638,0,19,61,0.0
0x15bbaee64e924c719cec3c5a7b2aeaaf9d72afc0,1000000000,0.19,0.0,4348.66,4242.3761236736,9.94999999999e-07,25,2,4,0.0
0xa036c03a3c08b3d45cf8b6f494afb8989777b534,1000000000,672.68,672.68,4204.63,4204.629177782032,0.0015055421499999,0,6,16,0.0
0xc4f478a5be86450fab7420e03b2d3d989f4487b0,1000000000,0.02,0.02,4246.57,4194.26,1.09449999999e-07,46,3,4,0.0
0xe5408c8b34f410905c8a5985784cf4a8aba81ee4,1000000000,682.13,682.13,4173.14,4173.144230855187,0.0015532041631928,0,11,30,0.0
0x74a544d04d44f6c145e3e8e203c6f7a80a138cc7,1000000000,1440.88,1440.88,4165.22,4165.221974403751,0.0027609968950222,0,9,53,0.0
0x45a6fa87842eab0e764eb186afe7e63d778bf13a,1000000000,637.77,637.77,4163.56,4163.51832550767,0.0015050844499999,0,4,15,0.0
0xf8b3e331a625c776101d3d935a35b22438b8d669,1000000000,696.52,696.52,4112.05,4111.643296178541,0.0144223382631432,0,11,28,0.0
0xd678358dd613a47ca421f422a835f953c787c349,1000000000,716.54,716.54,4084.12,4083.854642569147,0.0274386993776129,0,10,25,0.0
0x6d03fe25e707104c6869e17d3baeac2cbb1babbe,1000000000,596.07,596.07,4045.46,4045.421282960232,0.0013570065404827,0,21,39,0.0
0x6291ab4b0ec5d5c0738e6da2bcb457539639eb4a,1000000000,509.17,509.17,4036.91,4036.50281554211,0.0013608927499999,0,14,25,0.0
0x5f81956b62190af2523bc8005ded4e009f5d8c3e,1000000000,557.69,557.69,3998.47,3998.868165439186,0.0012538519205689,0,6,23,0.0
0x45a69c39a1e6a460888f3afa1370dfae73f86e6e,1000000000,0.0,0.0,3988.29,3988.2890863587977,0.0,0,3,13,0.0
0x91493a88544fc727219278db1d1be55c10fd4dd0,1000000000,571.3,571.3,3985.91,3985.884708651792,0.0012561523062167,0,13,30,0.0
0xf47513a855cc3cf13b778fc6018e268776df5d54,1000000000,574.71,574.71,3985.42,3985.415891739391,0.0012586763999999,0,8,18,0.0
0x28f6516f5ce68336816f23d61c4c68ae121a7807,1000000000,565.37,565.37,3983.54,3983.535221167414,0.0012519899999999,0,5,15,0.0
0xa9851154b383328e4c3edae06e7f5bf12d8dd22e,1000000000,0.26,0.26,3971.51,3971.5084889813,1.10445e-06,0,2,14,0.0
0x33b26d123d3b1c08b7a7ca76f66b42aa60529346,1000000000,553.57,553.57,3970.49,3970.491602613075,1.10445e-06,0,3,14,0.0
0x8ba35bce4617c018504a94466a935b9faa666b85,1000000000,563.09,563.09,3957.45,3957.448668596561,0.0012501713389999,0,5,15,0.0
0xc642df6c4cb5a50984b85425a343e2f8616a2cd0,1000000000,571.04,571.04,3932.04,3931.644904202658,0.0099275776034328,0,7,23,0.0
0x08141b2dfba853a9f2602bcab997284975a88b3e,1000000000,577.02,577.02,3931.59,3930.788415322669,0.0263808648735515,0,25,48,0.0
0x60127fca4f28c8fb34b895f15bfa13bea9a020ad,1000000000,715.57,715.57,3914.34,3914.341752917642,0.0611739771099686,0,7,29,0.0
0x31d85685b218ad193b1e826210632a683096adcc,1000000000,567.66,567.66,52.31,3893.265686569571,0.023330641819019,0,5,30,0.0
0x187e65d744c1dded1469b30054fbad3696202719,1000000000,606.2,606.2,3870.71,3870.714767954094,0.0241469355193141,0,14,34,0.0
0xf31d77ba01e291e729dcba0fa8c11786d4524952,1000000000,611.21,611.21,3804.68,3804.281501097503,0.0582692682373388,0,6,22,0.0
0xc7efbf6ebf84a578e1ddf3fbfdeccf9b6b6eb69d,1000000000,618.56,618.56,3803.1,3803.0975031698263,0.0529323084756713,0,13,47,0.0
0xdf694bc082ae89389cad7648bd759e70cd053fab,1000000000,0.0,918.23,3512.81,3515.86,0.0143395640321263,8,51,183,0.0
0x91039e5df5b797068fa28ae135da65dad63ae262,1000000000,1031.47,1031.47,3506.64,3506.636415526071,0.0020181779391574,0,24,121,0.0
0x308f4ee23c0f407e896555d0ec04bd6d2ce58e2a,1000000000,5386.25,5386.25,3488.05,3488.046289756519,0.0098820127570507,0,44,215,0.0
0x3100f2887f10c1dddf62fb9b2586a33142586e79,1000000000,275.96,275.96,29.03,3452.92850649648,0.0014849855633467,0,3,29,0.0
0x03b411245dda235b48b416380ca08831ad698de1,1000000000,417.06,417.06,3429.29,3447.002094795462,0.028139917373133,0,2804,2899,0.0
0x87bd3bd342beb651c39874cae6dbfa9e8ea31fa4,1000000000,4850.62,4850.62,3428.1,3428.096612399209,0.0149457263954174,0,71,420,0.0
0xa96c045af06f4bc5d5965725bfd8ad1c88344546,1000000000,1063.85,1063.85,52.24,3402.8316521120787,0.005623521727514,0,9,80,0.0
0x38b72285e79fbf6e82e26d4808fa8e6159d3609b,1000000000,8693.45,8693.45,3367.65,3367.652804276258,0.0190209681132286,0,163,968,0.0
0xf7847c9c10c052088f15c7fd52f217d3b71b8c61,1000000000,190.8,190.8,3318.34,3318.340363109251,0.0003294076510271,0,11,43,0.0
0x1db8faaf3c66ff1e3b135557f4d2e6ce8b2a78f1,1000000000,125.22,125.22,3315.85,3309.4462434520383,0.0,0,5,46,0.0
0x62460ddf0dcbabbb91ab2af6787530a59a5ce70d,1000000000,170.02,170.02,329.75,3297.116149545433,0.0003072247524752,0,3,17,0.0
0x851e53b89704e0e1d433b1145c1dacd03e5149f5,1000000000,0.0,0.0,3288.47,3288.4703104475843,0.0004975,0,3,13,0.0
0x5a1a5683bd02d9da872896dccfb06fe082fe4256,1000000000,581.08,581.08,1891.65,3276.93210716525,0.0240078901031052,0,9,53,0.0
0xd607982c56629eee4353940d6f4c29c300b64200,1000000000,337.79,337.79,2242.39,3230.005124655094,0.0214867564024031,0,7,25,0.0
0xa178e512838d6f9bfde52152de75be9c5964d6c0,1000000000,154.56,154.56,3147.75,3147.7505388056347,0.00032057905,0,2,13,0.0
0x579559f5932bc32bf09d907a81c6001ecd4c812d,1000000000,142.45,142.45,2968.29,2968.287379309183,0.0002985,0,0,14,0.0
0xe777a631e0b3af4c3e3abbfb07fadea2c5489fcb,1000000000,108.32,108.32,21.66,2449.615033770203,0.0003464770154999,0,5,28,0.0
0x4656e19cb7f2c60658448be5e1d7b5f356c89c6d,1000000000,73.18,73.18,2310.26,2310.256262168722,0.0002819179560356,0,26,52,0.0
0x932b9a4ef9da9f77ca352523e99b76dc9bc1e255,1000000000,56.09,56.09,168.09,2297.417380149545,0.004739563745388,0,4,112,0.0
0x45e21b33cf3782c8b3435990a48d16e77a155713,1000000000,91.97,91.97,258.06,2295.172448154467,0.0,0,11,112,0.0
0x6a47039fb4169ae38a4b15b427a18b3cd6c76b98,1000000000,164.6,164.6,21.75,2291.0660004838173,0.0006385714999999,0,4,45,0.0
0xc64575f390ec07a982d5b258eb1d3ce1c36662de,1000000000,97.56,97.56,2209.98,2209.9783265842702,0.0003273847460725,0,36,77,0.0
0x97bb55febddf3785cda8b5caebd0e7b4a6b0f037,1000000000,0.03,0.03,2011.88,2166.7592547342792,1.49249999999e-07,40,2,4,0.0
0xb784c9f418749d1766a28f93a793ba11ff7432fe,1000000000,148.53,148.53,21.86,2162.466254221219,0.0005791694999999,0,4,45,0.0
0x5dba920f4a14ad89396cd0ed8a3515c177f657fb,1000000000,102.14,102.14,2157.47,2154.01445829156,0.0003097041862378,0,39,214,0.0
0x2826ea88ff6a6147f4fdd9ccd7d714fbdddc323f,1000000000,0.0,0.0,2020.08,2148.98,9.949999999e-09,40,2,4,0.0
0xc0a7775803ae431fd9a67df53e64deb71d671b08,1000000000,0.0,0.0,2027.76,2148.786498187107,9.949999999e-09,40,0,4,0.0
0xa16847b1c30e64533a2b0cdd380600943dc06b21,1000000000,0.02,0.02,2026.85,2144.9923583485674,9.9499999999e-08,40,2,4,0.0
0xa81741f0600a8d78d3f89e6a474ede5f703e549b,1000000000,0.03,0.03,2033.82,2139.169701219882,1.50344499999e-07,40,2,4,0.0
0x568ef00cb425e388ef5f448aa7c8db5aecf8b7b6,1000000000,0.0,0.0,1979.59,2102.993325206865,9.949999999e-09,37,2,4,0.0
0xe6d047aae45d2140a1f72171f2c13b56917d640d,1000000000,0.24,0.24,1977.33,2101.695030949486,1.104449999999e-06,37,2,4,0.0
0x643d71c8812d6023aaa6c41e7ef7c7fa9ede289a,1000000000,0.0,0.0,1976.36,2101.2893936989767,9.949999999e-09,37,2,4,0.0
0x9d1e5abdf76603f3c97b8d78dbeb1736e5782992,1000000000,0.0,0.0,1979.93,2101.1336580446523,9.949999999e-09,37,2,4,0.0
0x7951f12cc50ef570f2abc31fe922d17c0ac0133b,1000000000,0.02,0.02,1980.99,2101.0477027018187,9.9499999999e-08,37,2,4,0.0
0x2b147d436e88caffb873a460ff99ed1859ce4284,1000000000,0.02,0.02,1980.99,2100.0097269352505,9.9499999999e-08,37,2,4,0.0
0x1fc57f0a9b212174a5474f7e4ffd3f50553a14b2,1000000000,0.0,0.0,1976.68,2098.132090289941,9.949999999e-09,37,2,4,0.0
0xd8339a17d23be769e92e15c4721715455954ee86,1000000000,0.04,0.04,1975.82,2098.0936356190973,1.99269927618e-07,37,2,4,0.0
0x399bd51a0852f7295619a7bcdfc47c1a017ddf41,1000000000,0.0,0.0,1974.39,2097.911057369791,9.949999999e-09,37,2,4,0.0
0x1638d7f9f2d95f543d8feb48a3aab0ef0b71c4c4,1000000000,0.0,0.0,2048.46,2093.460636435294,9.949999999e-09,37,2,4,0.0
0x6efffbff989dad32f58efaf110be4fc72b20ba4c,1000000000,2.15,2.15,1992.09,2091.011010812469,9.949999999999e-06,37,2,4,0.0
0xb328e3774d627ca6918b59e7f9942aca197df889,1000000000,0.33,0.33,2014.58,2090.694145696481,1.492499999999e-06,37,1,4,0.0
0x32ecd72f318ae17c1652a425fa0788458775dc90,1000000000,0.0,0.0,1979.63,2090.643801537511,9.949999999e-09,37,2,4,0.0
0x04118d0e2e0f8de387579b2ee91d8b9022c52e8d,1000000000,0.22,0.22,2014.27,2090.4667713826675,9.94999999999e-07,37,2,4,0.0
0xe6af1d2254dfc0d2e9e4d73b90155de6b81f3dc5,1000000000,0.0,0.0,1979.76,2090.367857987296,2.984999999e-09,37,2,4,0.0
0xc70d7a3c84a621ea7506c096a9d7ab1fbf36e9b9,1000000000,2.2,2.2,2038.69,2090.0556961169023,9.949999999999e-06,37,0,4,0.0
0x622492c4a7566069f9e86b0b117dcdffa81d9226,1000000000,2.13,2.13,1980.3,2090.0476121598454,9.949999999999e-06,37,2,4,0.0
0x646ff5ba3ca01d7279e9ecb26e840bcc69163a26,1000000000,0.0,0.0,1985.33,2089.735757194081,1.094499999e-09,37,2,4,0.0
0x88fa54636ad78a5707ed195470e66b05e4d54a49,1000000000,0.0,0.0,2021.94,2089.703748919542,9.949999999e-09,37,2,4,0.0
0x75a4147bccf973d4e07f7141e3e1063e09231ad3,1000000000,0.24,0.24,1985.81,2089.5296076193194,1.104449999999e-06,37,2,4,0.0
0x766cd43d0e37b44781d11a8aa2ae190560c01642,1000000000,0.02,0.02,2014.14,2089.1207854074923,9.9499999999e-08,37,2,4,0.0
0x76334a6618d93a46c7bf8afe612690fdfe899c61,1000000000,0.44,0.44,2033.23,2089.0083885822096,1.989999999999e-06,37,2,4,0.0
0x839b742bb949a52d19e5a7a157b94942275b517a,1000000000,0.22,0.22,2043.07,2088.775523910125,9.94999999999e-07,37,2,4,0.0
0xc5f22497ae7a43156148dae277afbb85130827a2,1000000000,0.04,0.04,2018.76,2088.422479201601,1.69149999999e-07,37,2,4,0.0
0xe32204cff5522cfe126adb0d76262022b9b1c81e,1000000000,0.0,0.0,2017.79,2088.35422612072,1.9899999999e-08,37,2,4,0.0
0x98e8f8d5ba2418a1f98bf529ac691d7aa298ef5c,1000000000,0.01,0.01,1980.12,2088.273925900512,2.9849999999e-08,37,0,4,0.0
0xcf5b3e3f2b2ca9b5005e16956aa8cc8e145e94e4,1000000000,0.01,0.01,1993.45,2088.1614993763046,6.8654999999e-08,37,2,4,0.0
0xb009d6389ab13b536fa0ad75f1afde421ba539b4,1000000000,0.02,0.02,1975.39,2087.990922602088,9.9499999999e-08,37,2,4,0.0
0x628ed5fd4ce8410bc1cd6eaf7a525e41015c51ef,1000000000,2.16,2.16,2000.46,2087.983100749598,9.949999999999e-06,37,2,4,0.0
0xb48848a3c9cb013f9bdabbd51adb56bb7a42c3bc,1000000000,0.04,0.04,2022.39,2087.9587143520357,1.80094999999e-07,37,2,4,0.0
0x6ae88e60c22a49ca9d8363af11017bbb15cd0783,1000000000,0.02,0.02,2020.11,2087.926133195394,1.07595462284e-07,37,2,4,0.0
0x3801e8451bca79a33c75ea4e6cb33708dfa10c1f,1000000000,0.22,0.22,2011.99,2087.8651591793155,9.94999999999e-07,37,2,4,0.0
0xc2707922823280e63006b096daeecbb1c669f0c6,1000000000,0.22,0.22,2015.98,2087.787095822129,9.94999999999e-07,37,2,4,0.0
0x458f89540829b74214e93b76f851fe3b8eac95a9,1000000000,0.22,0.22,1995.51,2087.517566770374,9.94999999999e-07,37,2,4,0.0
0x5d2cdd661923984564c41b57981817ae90612012,1000000000,0.22,0.22,2032.07,2087.3722267175945,1.392499999998e-06,37,2,4,0.0
0x6b0af20dbfe44a122c0cc8231b2d35f594adb300,1000000000,0.0,0.0,2001.0,2087.3369441051377,9.949999999e-09,37,2,4,0.0
0xe84e1f4a1c3fd81fb0d699fad0558b49ac2ff2f7,1000000000,0.02,0.02,1982.59,2087.049485813713,9.9499999999e-08,37,2,4,0.0
0xacde32186c100e76ab81147efe7993b382010618,1000000000,0.22,0.22,2018.23,2087.030560060542,9.94999999999e-07,37,0,4,0.0
0xee6c99ecec86833dde9b5dfad63deef7b55336c9,1000000000,2.17,2.17,2016.65,2086.980681381357,9.949999999999e-06,37,2,4,0.0
0xcab6c453f1f000924a53bd8e5376804804fd3b69,1000000000,7315.59,74548.34,4351.92,1321.4,0.1764069047702192,2,1024,6454,0.0
0x49fe6b0d2c67ac64978dbe9d87fe1ce664aab10f,1000000000,3558.86,3561.06,1495.61,93.88,0.006060092583951,19,87,417,0.0
0x5cbd044d5b80adb31244e4c7325d4969a1c7b7b7,1000000000,3066.62,5804.21,1531.2,66.54,0.0283277418206044,4,252,1057,0.0
0x7a3df87e7b2a1486f4af2b3fe2b03e02fc26e7d0,1000000000,3062.72,5442.03,1554.56,85.54,0.0265007130809721,4,230,876,0.0
0x89cd9766c588be557cf0c89175faedc9de768613,1000000000,3045.05,6320.63,1559.77,80.17,0.0306717358443789,4,248,1132,0.0
0xf22bf06f5ddf7c6a1d0cd06cb5513d43351027a5,1000000000,2967.74,6704.16,1560.7,63.22,0.0318912598215505,4,272,1184,0.0
0xfe3659974f11f4e3cebccceb31bcd528bdd92189,1000000000,2820.2,41704.27,3096.37,-542.91,0.0831278317679953,2,3296,10943,0.0
0x780c0d1ca331e0f772fce4ba8a76085d56f5da7a,1000000000,1951.24,1951.24,32.88,32.87517720092895,0.0008099769850735,0,21,82,0.0
0x61ec818c5cb417552944cd7f31965015e0182d59,1000000000,1727.33,1727.33,441.31,441.3124598512522,0.0085627383046868,0,13,146,0.0
0x4320d1a910fe6332227130005ebfb5af91ceb761,1000000000,1480.18,1480.18,0.0,4.584005226714536e-27,0.0090700264796632,0,6,79,0.0
0xd345cbe1b21fb51ba011c5f6322c2a11db4bb134,1000000000,1454.58,1454.58,446.99,446.9870090441556,0.0075352253327231,0,14,118,0.0
0x40487f7ae1026d75a2f00976db92c5c412e377fa,1000000000,1414.73,1414.73,69.59,69.5904012426603,0.0030016052113305,0,9,43,0.0
0x265cccfe19c71e4e88094ef63cec2eb6c30e8003,1000000000,1399.82,1399.82,47.8,47.79943835570975,0.0030000198999999,0,5,30,0.0
0x7c03b61ef168078a1cb22b77fa5cf287f97c9621,1000000000,1397.91,1397.91,75.21,74.97892305399424,0.0030012659070525,0,8,44,0.0
0x49d55f60335355d08520f0cdd4a9d7644682fc39,1000000000,1388.9,1388.9,83.19,81.40217731677006,0.0030018761719999,0,6,31,0.0
0x671afb9c581eeab132f95f37180ebb2926517f3f,1000000000,1360.29,1360.29,358.71,358.70891133102793,0.0074757147739322,0,10,106,0.0
0x62dd4cb8f4994d377486a25ec7a8654ae5ebf67b,1000000000,1247.66,1247.66,354.8,354.80320604469387,0.0070615817604776,0,11,114,0.0
0x2f1c1b767403e478fdedccfa31a8e40d7ca89457,1000000000,1019.23,1019.23,550.44,550.4444838733738,0.0017942553245073,0,7,77,0.0
0x7384e4e9648a5f7af7c6b9c4b3da46b868f61afd,1000000000,1004.45,3471.49,1446.65,36.41,0.0171684489898951,12,71,329,0.0
0xebce07ef27aa518dd05a15a35aedca90244255ba,1000000000,943.66,943.66,44.3,44.30495752102426,0.0060884615408393,0,5,44,0.0
0xc368ac67bcbc067787e31408f720f60bda9cbecb,1000000000,936.28,936.28,47.43,47.42843376706416,0.0022376715862753,0,6,51,0.0
0xbeab8e2a7b7a4bc44aecd81b099ebbab3c72c4b9,1000000000,900.71,900.71,63.36,63.35623624435016,0.005940435202721,0,8,51,0.0
0x088823ed5e9c022998d5c44d2b3067a623c0456e,1000000000,808.92,808.92,1430.16,1549.8525602556886,1.10554449999e-07,0,3,12,0.0
0x7b5979216711327a5f26bf669465b7f4cb2b01a2,1000000000,793.65,793.65,217.33,44.39462714132612,0.0041281962790733,0,9,66,0.0
0x47143aafb3ff8de93da46e72a7e57c793107ee73,1000000000,786.31,786.31,919.16,919.1598860078036,0.0018464839446131,0,11,161,0.0
0x445e9c0a296068dc4257767b5ed354b77cf513de,1000000000,777.75,33966.33,3766.71,129.81,0.0811026996829717,7,2619,11122,0.0
0x62bf03aac2b4214f7cc0da304dbd7c05c6e46470,1000000000,772.45,772.45,44.01,44.01168457664629,0.0040093973367401,0,7,63,0.0
0x4a1fad53b7caa1c9e53f84ad239f410bcf66af1e,1000000000,758.89,1259.7,1442.39,34.17,0.0061579385679326,3,17,3301,0.0
0x0fe109c0e73ca718b8631d5e20615eb9eb48f288,1000000000,724.78,724.78,0.0,4.578903362693631e-27,0.0260777718402177,0,8,29,0.0
0x5acf5a5f902f301d8fec23b413042b8adf6ffe5f,1000000000,721.19,721.19,0.0,4.577727333756667e-27,0.0274808848143479,0,11,35,0.0
0xf1e40b4d51ebbd31cdffea40f32d726ed3b9a8f6,1000000000,719.66,719.66,24.82,24.823759963788536,0.0275140251618405,0,9,211,0.0
0xd26aa6c2ed073ff6ea159eee2ba631e74e68168e,1000000000,706.14,706.14,0.0,4.575992553398628e-27,0.0145442426034217,0,5,22,0.0
0x27dfb2f4b9707e65ae29c364e0eff3af01a6e977,1000000000,705.23,705.23,536.57,536.5667616465688,0.0019330839298176,0,16,76,0.0
0x0f3cec57478d8a4dd5d0772327edc47f78695a2e,1000000000,685.37,685.37,21.67,21.668382723899505,0.001575495594539,0,6,37,0.0
0x2f6f2be1c9421a3d186fe17af790f5fb6f2baa65,1000000000,685.23,685.23,38.76,38.76465942792283,0.0015000597,0,3,15,0.0
0x5d174c571ef1d0fc178ca05ab01fb6d31410efe9,1000000000,671.83,671.83,0.0,4.623690988667079e-27,0.0212719424802576,0,6,45,0.0
0x513a8d74d21f12e9216b7d1e3e599f505606ed37,1000000000,661.93,661.93,269.63,269.6280527681919,0.0015060893999999,0,4,31,0.0
0x0a6cead80b49915108cf49d6fe590ed5f33275f0,1000000000,655.03,1160.28,1466.84,43.16,0.0056973204494149,3,25,2882,0.0
0x2f271bab6cf885b8b1d904b3eff1d21c2afcd564,1000000000,651.12,2169.53,1473.9,49.31,0.0035374382619859,35,29,84,0.0
0x2b392661c36e9a086e8aceb370a718b111589297,1000000000,648.99,648.99,152.49,152.4764616990187,0.0013422546822063,0,7,49,0.0
0x7fbaaaaeb74ec59a7e04e80f9de006a1a848988f,1000000000,644.88,644.88,1063.87,1063.8665561599064,0.0124535148862958,0,5,24,0.0
0xeb8ccf94bd4e05ffa9b8cf65429d242208ffd729,1000000000,621.45,621.45,272.59,272.58729841956085,0.0235040953068072,0,7,78,0.0
0x575c8cb9c3b6ee7b15c2ba17f11b7546f59d68e9,1000000000,599.65,599.65,82.88,82.87862894505305,1.10445e-06,0,2,19,0.0
0xb3115aae6cc079a46f5494a438f691f5fbd0c9ab,1000000000,581.55,7611.59,3271.08,-185.93,0.0129896032131972,2,363,1920,0.0
0xa12bea70e9407f9df4dddc7d3d9760b92fbd2b06,1000000000,568.28,921.18,1427.86,4.66,0.0044272640424328,3,20,2857,0.0
0x81bd126c21c3e7498ec01f0eb036f677a1c4beac,1000000000,562.55,562.55,383.71,383.575230805731,0.0012699349499999,0,9,35,0.0
0xf01c4641645088f4daeab31f007840242f145e1c,1000000000,560.29,561.36,1413.32,-52.66,0.00272510553024,8,9,77,0.0
0xb6dde9e7d692eaa0aeaedbfb62c74632bb49125a,1000000000,558.93,558.93,748.92,748.9184985367898,0.0011835486720179,0,7,56,0.0
0x09d6e4198cf11d58df9db530fe8f3afd56b7f168,1000000000,536.54,536.54,1419.91,38.98,0.0114739151989617,28,14,149,0.0
0x88ec5e0bd046a0338257f1ceeed321b051feda01,1000000000,535.9,535.9,1425.14,49.31,0.0145060869840278,28,12,159,0.0
0xe8330981702204ffd9094ef70bf29e1bbee9046a,1000000000,525.51,1834.21,1494.48,42.12,0.006550835076539,3,62,2885,0.0
0xa0eba890169f1a25ec1aa7cc5417a82239a8aa5e,1000000000,504.35,504.35,37.78,37.78418836496317,0.0025526646170391,0,7,46,0.0
0xefccd7b52c3416f0d00de9ca08306052955682de,1000000000,504.06,504.06,35.51,35.51168361586929,0.0,0,2,16,0.0
0xf8882efe06026fec6e59998d01f51ec89a67150e,1000000000,495.11,495.11,0.0,4.594439682196488e-27,0.0004035096110263,0,6,45,0.0
0xa9bf3c5026d06ddfc1d86d45fa63428a7cc55a0e,1000000000,493.32,493.32,44.51,21.81177200793536,0.0010628265792079,0,7,33,0.0
0xf3482aa8db4fc29b93f351121e62f00a31df7919,1000000000,491.51,491.51,37.49,37.4850805043948,0.0024472298631627,0,7,46,0.0
0x5236868e865aa02019a8dfaff009a44cc3d5addf,1000000000,0.18,410050.3,2666.02,53.1,0.5489146930882208,30,14021,24300,0.0
0xeb494805133da1e1d76e3fe6d3c3ce32ab004858,1000000000,0.39,0.39,21.6,21.60270177071669,0.0001211733884982,0,6,22,0.0
0xb11aedc745b1b44fa33ad202b61c683733b0c536,1000000000,0.98,0.98,167.19,167.18672257448577,5.235526864112e-06,0,5,33,0.0
0x9a5332a690c394a2f41a341ab0bb2748f8cff05e,1000000000,0.03,3.04,1411.82,13.51,0.0001791727029391,17,8,118,0.0
0xca0ca6b01d5697a1d0c8856423641b975c05e42d,1000000000,2.36,4482.76,1517.6,15.93,0.0093097098370314,5,171,637,0.0
0x7b86a0b807cb818ff5d09547dfa6ffcbaee9c276,1000000000,8.25,17.6,56.97,-713.45,9.4100010447457e-05,1,17,121,0.0
0x2cb5415f1ee8cb992f37403d092d7300118b48dd,1000000000,0.57,8398.55,2013.65,18.02,0.0372902257607177,13,324,2189,0.0
0x2437e490bca9b96f7107b8ca9b38876bb4bbab40,1000000000,379.18,379.18,911.43,890.04,0.0017694940491669,1,18,2010,0.0
0x4cc66c233c8e9ba90219303f845ad3b9500a628b,1000000000,0.25,1262.18,1452.11,14.0,0.0020929311890007,7,114,567,0.0
0x819f5a343e1fbac07b7e9550f5bd5d2e4b8f58d1,1000000000,1.14,5764.95,1544.1,12.85,0.0240883911834594,9,613,2648,0.0
0xa90e3869db35f7ede82cba29240287c020b51499,1000000000,0.2,8916.65,1683.83,15.73,0.0130506347252711,22,537,2575,0.0
0xf48714745166118269f5d51b0073a95d8552e3f7,1000000000,0.09,1201.81,1426.34,13.48,0.0016768269892842,7,45,138,0.0
0x88c28d199b15fd255aa3c3d277b0fe0f25077f75,1000000000,0.28,0.28,67.26,67.26106446180165,1.213899999999e-06,0,4,14,0.0
0xb21e9c42efea181f3930ff3124ec0e3bba7ca9aa,1000000000,445.73,445.73,1236.85,1215.0,0.0021257674113455,1,18,1698,0.0
0x379b600343f7621b4683eb85d3baaf484f8f15d8,1000000000,397.01,397.01,1016.48,994.71,0.0018658376360962,1,18,1975,0.0
0x2506df3b796d8423a1287280cebe2bb0e837889b,1000000000,0.32,220091.45,5352.25,52.58,0.3215795501075812,14,993,9966,0.0
0xd20255a494f8389c01a6594d570fbf754699a751,1000000000,0.36,0.36,23.69,23.691963013119324,0.0001054313944909,0,6,26,0.0
0x09fa03636a9c30355d03753174014680326aeacc,1000000000,0.26,0.26,64.96,64.95799892991823,1.10445e-06,0,2,13,0.0
0x9a7c44ee90b8b5187f7f759ce22420316c8c0485,1000000000,0.17,8.22,1419.42,14.18,3.8464991585277e-05,6,14,29,0.0
0xf4123bc7e8849c009fcaf4d5c5e9f847bbd60f6b,1000000000,124.91,6013.91,1561.55,54.77,0.0195477498144299,1,175,1023,0.0
0x88fde62649a366a8f2826a0afe21debe037359fa,1000000000,0.01,0.03,3473.58,34.66,1.18803991034e-07,47,3,10,0.0
0x0879af45ec07fd6694e02eb66fd513b772dfae88,1000000000,0.36,0.36,22.64,22.63807704832771,0.0001044464939934,0,6,28,0.0
0x528ca2f91a34f9ed738634a8ba0afd0119495b09,1000000000,0.0,0.0,26.99,26.992240505194207,9.9499999999e-08,0,2,13,0.0
0x35bd80e6b8516d1114a2fd5460dec981a582b904,1000000000,0.32,73.12,1413.02,14.65,0.0004715006160886,12,5,76,0.0
0x42eea2bb286abe92a65db6c24545bc47efb15e64,1000000000,0.0,0.0,22.12,22.12071468421907,9.949999999e-09,0,2,13,0.0
0x89f632f4c1c08ec4526158f1aad885e52577a186,1000000000,0.0,47.23,1413.13,14.01,0.0002360742390074,13,4,68,0.0
0x52b9c81687b0c0ffe95f50d09c77f14d408c2bc6,1000000000,0.98,11071.43,1565.79,13.57,0.0304083546802959,15,385,2162,0.0
0xbb716bbf017c4b70663f8931d3f5ce9ca177f194,1000000000,0.3,13630.66,3497.78,34.29,0.0193433647692447,13,432,3479,0.0
0xda4767872d5f9eab215bf3c36937811ec02c2fc6,1000000000,0.28,0.28,67.28,64.95462642334579,1.213899999999e-06,0,4,14,0.0
0x6b27ddcbde34fc8bc387cee4603c4e13dad1bf85,1000000000,0.0,0.0,64.95,64.94663843864058,1.10445e-06,0,0,13,0.0
0x012a574d82b7fbcf5d9f9508b0d00b7d41bc7e4d,1000000000,5.22,1497.56,1569.75,4.85,0.0124323679148703,17,81,1292,0.0
0x4e3aca6d2691d1562949325a3482faad040191f8,1000000000,1.05,7.91,1411.85,13.61,4.3703232682022e-05,14,4,32,0.0
0xd5d1bcc233e1224ebf34f7d1170fddd91f59ae8f,1000000000,0.04,2531.18,1510.39,14.61,0.0065276807491805,7,155,592,0.0
0xce135f49f634d4359137cf851cdb869882c911c6,1000000000,3.14,670.56,1412.21,8.16,0.002968974157565,1,5,44,0.0
0x906f9886f0db914ec71098194a565925bff46913,1000000000,0.19,3851.73,1466.57,13.8,0.0198003804821199,12,192,1561,0.0
0xd2114d7c7b227a2469130b3d4718973d57f5a278,1000000000,0.01,0.03,1411.87,13.68,1.33213459279e-07,7,3,10,0.0
0x0e749f898b4638be9ec0c4e8271345956115bb5f,1000000000,0.62,7242.61,1475.83,12.78,0.0131665546580011,22,162,630,0.0
0xe6917aa8c7717d24e58ef5450de2fe2987bc697d,1000000000,1.97,24.12,1411.78,13.44,0.000135905276457,13,3,74,0.0
0x2a0ccfd16ecd83728221fdc60179b8f2bfc03ac7,1000000000,2.6,31.71,1412.37,13.91,0.0001378135505863,12,3,74,0.0
0x4e3eab6e558fa619f85bb058e5b015307417449d,1000000000,0.0,13587.56,1608.43,12.75,0.0407561509438287,14,175,1102,0.0
0xfbc11becd6a5cb0e26564b50f459fbc8eb578ff0,1000000000,335.95,9974.96,1614.18,88.8,0.0188319154484296,1,282,1417,0.0
0x09eeface49c14fe50452e8771c0925560d889755,1000000000,0.28,0.28,21.61,21.607427532084383,1.737508499999e-06,0,4,22,0.0
0x73a31621ebdda0889854c62f9ecc6fd200aceb11,1000000000,0.36,95.94,1440.07,14.69,0.0050054230089323,32,90,194,0.0
0xbde7b83a5010a944a4adb4dc666d040f8dd9fab3,1000000000,2.64,70516.87,2082.82,16.8,0.1097994681096842,25,667,3526,0.0
0xa80060423e1263b75978d2aac5d9644b58a4d13d,1000000000,0.04,2581.58,1492.33,14.2,0.0042706005766112,16,91,724,0.0
0x36ffc3eed0f7b43284ca5af040fa45ad9f85e21e,1000000000,0.02,740.91,1447.86,13.91,0.0009434548420502,35,18,33,0.0
0x9402997f8c3c254e431f7597931d8133230dc1ae,1000000000,0.0,18.02,0.0,-1398.21,0.0007011239657713,7,8,36,0.0
0x6cabff780d3a7ce53b023b5e281393eba22fec05,1000000000,167.96,167.96,767.64,767.6356451209474,0.0002979551068892,0,21,64,0.0
0x1bc3068447b52490908ba2d3a7349fa0baa4f2e8,1000000000,0.55,7.15,1410.94,12.68,3.1032134144415e-05,14,3,32,0.0
0xb5e910066f6f81c42e6bb73061a824391dd1aabd,1000000000,0.89,18.78,1412.72,14.36,9.1967568991668e-05,12,4,47,0.0
0x59c0fdee5d23595288db048f4a478d05b006c82d,1000000000,0.25,36818.51,1515.43,16.28,0.0587836027632665,25,300,1396,0.0
0xe91668a1bcdf695681be42821ff97d8593ca903f,1000000000,0.0,20369.65,1575.96,17.4,0.0277205875151857,16,196,1182,0.0
0x592ae1bf9809d36ad64abe69307fc914815aa92e,1000000000,21.05,21.05,797.11,797.1113168906473,0.0,0,3,13,0.0
0x1d429289eaeafd16642e49c045b0811a4c273d7f,1000000000,333.3,333.3,2029.28,2029.2835605330592,0.0015764248039526,0,8,35,0.0
0xd6bb350ea6de8851fe841dec3d818c9861a0c241,1000000000,0.87,1.93,1414.95,15.71,9.644670260936e-06,11,4,31,0.0
0x950d0cb90e92bcdd510d66d49670b23592d3ffbd,1000000000,0.2,40343.15,1523.87,16.49,0.0779028338072319,27,310,1532,0.0
0xece4d66bc1b413a7994a23fbfaea77a20e52c28e,1000000000,0.0,14.13,0.0,15.67,6.8194428014091e-05,4,7,34,0.0
0x356e7eea1f55280f9d2c23eee6f1857eeede90fd,1000000000,452.74,452.74,981.45,1033.57,0.0021939621977605,1,22,2006,0.0
0xc494eb30c4a73cd0f193eaa6d976ab58d6a2a708,1000000000,0.37,7549.14,3489.1,37.92,0.0115873133786097,11,203,1925,0.0
0x48bb8f48a5da3ebeeaaca0510553d6a321813d1d,1000000000,1.04,1.04,131.8,53.551557170263386,4.619759615529e-06,0,4,24,0.0
0x377502efa3d673278f3c41080a43e8a2329ce496,1000000000,4.8,4.8,455.21,455.2125230376327,2.3933232499993e-05,0,9,20,0.0
0x3841d503bb3d618af0954723d5e20d88f7b16a90,1000000000,0.34,2077.49,1497.73,16.91,0.0037689592479169,9,138,616,0.0
0xecf3df32cd05f1a845ce87d77f24ba33f4030214,1000000000,0.3,0.3,194.31,194.3121450350451,7.131891344771e-06,0,2,20,0.0
0x364e0f9560d56e71cb832dcf0b3fc0c67344af48,1000000000,0.0,0.17,1415.77,17.56,1.104449999999e-06,11,2,4,0.0
0x97518bfa9a3ddafd549de74e98f448d530cb7f64,1000000000,0.02,0.04,1415.77,17.52,1.1941093728484e-05,11,5,11,0.0
0x75d99d66a168af53d16e895cd3820724c88978db,1000000000,0.38,81.97,1415.5,18.27,0.0019594130720657,23,43,641,0.0
0x92f818912524683646ae2c00667adaf7cf9f88b4,1000000000,0.17,0.17,1416.41,17.85,1.104449999999e-06,11,3,4,0.0
0x647f3dbc49c411b301fb00ce69abdb8b815d5e07,1000000000,0.0,0.17,1416.41,1416.41,1.104449999999e-06,11,2,4,0.0
0xea5ab2d1ee63e3217c88286e0cc21b88ab9ba2d6,1000000000,1.02,3332.09,1478.83,12.12,0.0055195297017677,12,257,1776,0.0
0xf2d68579205f2b077f954270cadb14b250e6da83,1000000000,1.2,35183.84,3629.79,33.35,0.0404384532038803,13,414,2391,0.0
0x32c2b5bb3d10b7336f4a46a8190f7ddd11c9a335,1000000000,138.12,143.36,1405.52,995.95,0.010838103950339,1,85,261,0.0
0x271354e40fa0280c8c429a2986406f1dfbde7c13,1000000000,305.48,809.09,1421.02,-857.52,0.0012650544226286,1,29,45,0.0
0x3a7455078639332af06583af35740962e1db2e21,1000000000,0.0,4441.67,1439.88,13.84,0.0276485022787309,20,147,652,0.0
0xf28f08c107f86337b0e85c4bdf27c3b2a3591523,1000000000,0.0,73.04,1427.1,14.0,0.0035167175894043,39,72,271,0.0
